CREATE TABLE IF NOT EXISTS "PRODUCTO" (
  "ID" INTEGER AUTO_INCREMENT PRIMARY KEY,
  "NOMBRE" VARCHAR(50),
  "COD_PRODUCTO" VARCHAR(50),
  "COSTO" NUMERIC(10,2),
  "CATEGORIA" VARCHAR(50)
);

CREATE TABLE IF NOT EXISTS "CLIENTE" (
  "ID" INTEGER AUTO_INCREMENT PRIMARY KEY,
  "CEDULA" VARCHAR(50),
  "NOMBRE" VARCHAR(50),
  "DIRECCION" VARCHAR(50),
  "TELEFONO" VARCHAR(50)
);

CREATE TABLE IF NOT EXISTS "VENTA" (
  "ID" INTEGER AUTO_INCREMENT PRIMARY KEY,
  "CLIENTE_ID" INTEGER,
  "ESTADO" VARCHAR(50),
  "COSTOTOTAL" NUMERIC(10,2),
  "CREATED_AT" TIMESTAMP DEFAULT CURRENT_TIMESTAMP
);

CREATE TABLE IF NOT EXISTS "DETALLEVENTA" (
  "ID" INTEGER AUTO_INCREMENT PRIMARY KEY,
  "VENTA_ID" INTEGER,
  "PRODUCTO_ID" INTEGER,
  "CANTIDAD" NUMERIC(10,0),
  "VALORVENTA" NUMERIC(10,2),
  "CODIGO"  VARCHAR(50),
  "DESCRIPCION"  VARCHAR(50)
);

ALTER TABLE "VENTA" ADD FOREIGN KEY ("CLIENTE_ID") REFERENCES "CLIENTE" ("ID");

ALTER TABLE "DETALLEVENTA" ADD FOREIGN KEY ("VENTA_ID") REFERENCES "VENTA" ("ID");

ALTER TABLE "DETALLEVENTA" ADD FOREIGN KEY ("PRODUCTO_ID") REFERENCES "PRODUCTO" ("ID");




DELETE FROM "DETALLEVENTA";
DELETE FROM "VENTA";
DELETE FROM "CLIENTE";
DELETE FROM "PRODUCTO";



INSERT INTO "PRODUCTO" ("ID","NOMBRE","COD_PRODUCTO","COSTO","CATEGORIA") VALUES (1,'Coca Cola','COCA',3.00,'Bebidas');
INSERT INTO "PRODUCTO" ("ID","NOMBRE","COD_PRODUCTO","COSTO","CATEGORIA") VALUES (2,'Pepsi','PEPSI',3.00,'Bebidas');
INSERT INTO "PRODUCTO" ("ID","NOMBRE","COD_PRODUCTO","COSTO","CATEGORIA") VALUES (3,'Fanta','FANTA',3.00,'Bebidas');
INSERT INTO "PRODUCTO" ("ID","NOMBRE","COD_PRODUCTO","COSTO","CATEGORIA") VALUES (4,'Agua','AGUA',3.00,'Bebidas');
INSERT INTO "PRODUCTO" ("ID","NOMBRE","COD_PRODUCTO","COSTO","CATEGORIA") VALUES (5,'Cerveza','CERVEZA',3.00,'Bebidas');
INSERT INTO "PRODUCTO" ("ID","NOMBRE","COD_PRODUCTO","COSTO","CATEGORIA") VALUES (6,'Chocolate','CHOCOLATE',3.00,'Dulces');
INSERT INTO "PRODUCTO" ("ID","NOMBRE","COD_PRODUCTO","COSTO","CATEGORIA") VALUES (7,'Galletas','GALLETAS',3.00,'Dulces');
INSERT INTO "PRODUCTO" ("ID","NOMBRE","COD_PRODUCTO","COSTO","CATEGORIA") VALUES (8,'Leche','LECHE',3.00,'Bebidas');
INSERT INTO "PRODUCTO" ("ID","NOMBRE","COD_PRODUCTO","COSTO","CATEGORIA") VALUES (9,'Pan','PAN',3.00,'Panaderia');
INSERT INTO "PRODUCTO" ("ID","NOMBRE","COD_PRODUCTO","COSTO","CATEGORIA") VALUES (10,'Jugo','JUGO',3.00,'Bebidas');


INSERT INTO "CLIENTE" ("ID","CEDULA","NOMBRE","DIRECCION","TELEFONO") VALUES (1,'123456789','Juan','Calle 1','123456789');
INSERT INTO "CLIENTE" ("ID","CEDULA","NOMBRE","DIRECCION","TELEFONO") VALUES (2,'987654321','Maria','Calle 2','987654321');
INSERT INTO "CLIENTE" ("ID","CEDULA","NOMBRE","DIRECCION","TELEFONO") VALUES (3,'555555555','Pedro','Calle 3','555555555');
INSERT INTO "CLIENTE" ("ID","CEDULA","NOMBRE","DIRECCION","TELEFONO") VALUES (4,'666666666','Luis','Calle 4','666666666');
INSERT INTO "CLIENTE" ("ID","CEDULA","NOMBRE","DIRECCION","TELEFONO") VALUES (5,'777777777','Ana','Calle 5','777777777');
INSERT INTO "CLIENTE" ("ID","CEDULA","NOMBRE","DIRECCION","TELEFONO") VALUES (6,'888888888','Carlos','Calle 6','888888888');
INSERT INTO "CLIENTE" ("ID","CEDULA","NOMBRE","DIRECCION","TELEFONO") VALUES (7,'999999999','Andres','Calle 7','999999999');
INSERT INTO "CLIENTE" ("ID","CEDULA","NOMBRE","DIRECCION","TELEFONO") VALUES (8,'000000000','Laura','Calle 8','000000000');
INSERT INTO "CLIENTE" ("ID","CEDULA","NOMBRE","DIRECCION","TELEFONO") VALUES (9,'111111111','Sofia','Calle 9','111111111');
INSERT INTO "CLIENTE" ("ID","CEDULA","NOMBRE","DIRECCION","TELEFONO") VALUES (10,'222222222','Camila','Calle 10','222222222');


INSERT INTO "VENTA" ("ID","CLIENTE_ID","ESTADO","COSTOTOTAL","CREATED_AT") VALUES (1,1,'PENDIENTE',120.00,CURRENT_TIMESTAMP);
INSERT INTO "VENTA" ("ID","CLIENTE_ID","ESTADO","COSTOTOTAL","CREATED_AT") VALUES (2,2,'ENVIADO',32.00,CURRENT_TIMESTAMP);
INSERT INTO "VENTA" ("ID","CLIENTE_ID","ESTADO","COSTOTOTAL","CREATED_AT") VALUES (3,3,'CANCELADO',123.00,NULL);
INSERT INTO "VENTA" ("ID","CLIENTE_ID","ESTADO","COSTOTOTAL","CREATED_AT") VALUES (4,4,'PENDIENTE',67.00,CURRENT_TIMESTAMP);
INSERT INTO "VENTA" ("ID","CLIENTE_ID","ESTADO","COSTOTOTAL","CREATED_AT") VALUES (5,5,'PENDIENTE',567.00,NULL);
INSERT INTO "VENTA" ("ID","CLIENTE_ID","ESTADO","COSTOTOTAL","CREATED_AT") VALUES (6,6,'ENVIADO',567.00,NULL);
INSERT INTO "VENTA" ("ID","CLIENTE_ID","ESTADO","COSTOTOTAL","CREATED_AT") VALUES (7,7,'PENDIENTE',756.00,NULL);
INSERT INTO "VENTA" ("ID","CLIENTE_ID","ESTADO","COSTOTOTAL","CREATED_AT") VALUES (8,8,'ENVIADO',567.00,CURRENT_TIMESTAMP);
INSERT INTO "VENTA" ("ID","CLIENTE_ID","ESTADO","COSTOTOTAL","CREATED_AT") VALUES (9,9,'PENDIENTE',567.00,NULL);
INSERT INTO "VENTA" ("ID","CLIENTE_ID","ESTADO","COSTOTOTAL","CREATED_AT") VALUES (10,10,'ENVIADO',76.00,CURRENT_TIMESTAMP);


INSERT INTO "DETALLEVENTA" ("ID","VENTA_ID","PRODUCTO_ID","CANTIDAD","VALORVENTA") VALUES (1,1,1,1,3.00);
INSERT INTO "DETALLEVENTA" ("ID","VENTA_ID","PRODUCTO_ID","CANTIDAD","VALORVENTA") VALUES (2,1,2,1,3.00);
INSERT INTO "DETALLEVENTA" ("ID","VENTA_ID","PRODUCTO_ID","CANTIDAD","VALORVENTA") VALUES (3,1,3,1,3.00);
INSERT INTO "DETALLEVENTA" ("ID","VENTA_ID","PRODUCTO_ID","CANTIDAD","VALORVENTA") VALUES (4,1,4,1,3.00);
INSERT INTO "DETALLEVENTA" ("ID","VENTA_ID","PRODUCTO_ID","CANTIDAD","VALORVENTA") VALUES (5,1,5,1,3.00);
INSERT INTO "DETALLEVENTA" ("ID","VENTA_ID","PRODUCTO_ID","CANTIDAD","VALORVENTA") VALUES (6,1,6,1,3.00);
INSERT INTO "DETALLEVENTA" ("ID","VENTA_ID","PRODUCTO_ID","CANTIDAD","VALORVENTA") VALUES (7,1,7,1,3.00);
INSERT INTO "DETALLEVENTA" ("ID","VENTA_ID","PRODUCTO_ID","CANTIDAD","VALORVENTA") VALUES (8,1,8,1,3.00);
INSERT INTO "DETALLEVENTA" ("ID","VENTA_ID","PRODUCTO_ID","CANTIDAD","VALORVENTA") VALUES (9,1,9,1,3.00);
INSERT INTO "DETALLEVENTA" ("ID","VENTA_ID","PRODUCTO_ID","CANTIDAD","VALORVENTA") VALUES (10,1,10,1,3.00);
INSERT INTO "DETALLEVENTA" ("ID","VENTA_ID","PRODUCTO_ID","CANTIDAD","VALORVENTA") VALUES (11,2,1,1,3.00);
INSERT INTO "DETALLEVENTA" ("ID","VENTA_ID","PRODUCTO_ID","CANTIDAD","VALORVENTA") VALUES (12,2,2,1,3.00);
INSERT INTO "DETALLEVENTA" ("ID","VENTA_ID","PRODUCTO_ID","CANTIDAD","VALORVENTA") VALUES (13,2,3,1,3.00);
INSERT INTO "DETALLEVENTA" ("ID","VENTA_ID","PRODUCTO_ID","CANTIDAD","VALORVENTA") VALUES (14,2,4,1,3.00);
INSERT INTO "DETALLEVENTA" ("ID","VENTA_ID","PRODUCTO_ID","CANTIDAD","VALORVENTA") VALUES (15,2,5,1,3.00);
INSERT INTO "DETALLEVENTA" ("ID","VENTA_ID","PRODUCTO_ID","CANTIDAD","VALORVENTA") VALUES (16,2,6,1,3.00);
INSERT INTO "DETALLEVENTA" ("ID","VENTA_ID","PRODUCTO_ID","CANTIDAD","VALORVENTA") VALUES (17,2,7,1,3.00);
INSERT INTO "DETALLEVENTA" ("ID","VENTA_ID","PRODUCTO_ID","CANTIDAD","VALORVENTA") VALUES (18,2,8,1,3.00);





